maturity,zerorate
1,-0.520
2,-0.512020481640652
3,-0.493106694921863
4,-0.483150658259679
5,-0.400762669064569

